role,company
https://www.linkedin.com//in/kavickumar/,microsoft
https://www.linkedin.com//in/leowirawan/,microsoft
https://www.linkedin.com//in/benson-ang/,microsoft
https://www.linkedin.com//in/fiona-seng/,microsoft
https://www.linkedin.com//in/jimbullock/,microsoft
https://www.linkedin.com//in/tshiroley/,microsoft
https://www.linkedin.com//in/lorenapaglia/,microsoft
https://www.linkedin.com//in/francischeong/,microsoft
https://www.linkedin.com//in/srikant-kadambi/,microsoft
https://www.linkedin.com//in/elisabethbrinton/,microsoft
https://www.linkedin.com//in/haley-alesi/,microsoft
https://www.linkedin.com//in/shipra-sharma/,microsoft
https://www.linkedin.com//in/nataliepullin/,microsoft
https://www.linkedin.com//in/timothyfong1/,microsoft
https://www.linkedin.com//in/milancaster/,microsoft
https://www.linkedin.com//in/evelinevanwezel/,microsoft
https://www.linkedin.com//in/musidora-jorgensen/,microsoft
https://www.linkedin.com//in/masplawn/,microsoft
https://www.linkedin.com//in/chrissouthgate/,microsoft
https://www.linkedin.com//in/jonnevangils/,microsoft
https://www.linkedin.com//in/kavyakanchana/,microsoft
https://www.linkedin.com//in/ornellacosomati/,microsoft
https://www.linkedin.com//in/eve-joseph/,microsoft
https://www.linkedin.com//in/dannycondecido/,microsoft
https://www.linkedin.com//in/hyrine-munga-ph-d-sea-4a664599/,microsoft
https://www.linkedin.com//in/tristapatterson/,microsoft
https://www.linkedin.com//in/mikaela-winter/,microsoft
https://www.linkedin.com//in/katie-ross-microsoft/,microsoft
https://www.linkedin.com//in/denise-k-chan/,microsoft
https://www.linkedin.com//in/rybarik-brian-b956295/,microsoft
https://www.linkedin.com//in/giglioamanda/,microsoft
https://www.linkedin.com//in/pradeepgupta78/,microsoft
https://www.linkedin.com//in/sidonie-viaud/,microsoft
https://www.linkedin.com//in/laurie-mccormack-b61bb5205/,microsoft
https://www.linkedin.com//in/taylor-leyden-15ba312b/,microsoft
https://www.linkedin.com//in/sandra-melki-b55820/,microsoft
https://www.linkedin.com//in/polinaemelianova/,microsoft
https://www.linkedin.com//in/neethar/,microsoft
https://www.linkedin.com//in/amyluers/,microsoft
https://www.linkedin.com//in/nicholas-michetti-95bb5589/,microsoft
https://www.linkedin.com//in/ashwinishamsundar/,microsoft
https://www.linkedin.com//in/tamara-tj-dicaprio-she-her-ella-268309/,microsoft
https://www.linkedin.com//in/patrick-gaule-a152823/,microsoft
https://www.linkedin.com//in/comeperpere/,microsoft
https://www.linkedin.com//in/charlessellars/,microsoft
https://www.linkedin.com//in/rachita-ghosal-9b483715/,microsoft
https://www.linkedin.com//in/marybethbucklen/,microsoft
https://www.linkedin.com//in/edmond-chan-cpa/,microsoft
https://www.linkedin.com//in/maiyas-alhammadi/,microsoft
https://www.linkedin.com//in/danielledecatur/,microsoft
https://www.linkedin.com//in/joerepetti/,microsoft
https://www.linkedin.com//in/mark-kroese-87560620/,microsoft
https://www.linkedin.com//in/davidscox/,microsoft
https://www.linkedin.com//in/susanna-struckmann-488907b1/,microsoft
https://www.linkedin.com//in/trevor-dhu/,microsoft
https://www.linkedin.com//in/arobart/,microsoft
https://www.linkedin.com//in/robertjgmontgomery/,microsoft
https://www.linkedin.com//in/tafazzul-khan-b564001/,microsoft
https://www.linkedin.com//in/george-tubb-3b10991a/,microsoft
https://www.linkedin.com//in/almacardenas/,microsoft
https://www.linkedin.com//in/annikanordlundswenson/,microsoft
https://www.linkedin.com//in/sanadubarry/,microsoft
https://www.linkedin.com//in/brittaneyzellner/,microsoft
https://www.linkedin.com//in/aisling-curtis-0161b32/,microsoft
https://www.linkedin.com//in/olgaperrett/,microsoft
https://www.linkedin.com//in/sherift/,microsoft
https://www.linkedin.com//in/lucas-lei-zhu-37535245/,microsoft
https://www.linkedin.com//in/pekka-horo/,microsoft
https://www.linkedin.com//in/robinsmithit/,microsoft
https://www.linkedin.com//in/joannefischlin/,microsoft
https://www.linkedin.com//in/conor-kelly-56911425/,microsoft
https://www.linkedin.com//in/gilda-amorosi-a166682a/,microsoft
https://www.linkedin.com//in/brettshoemaker/,microsoft
https://www.linkedin.com//in/erika-basham-84b12339/,microsoft
https://www.linkedin.com//in/christoph-alexander-schenek-10598b53/,microsoft
https://www.linkedin.com//in/peter-bergen-1784aa1a/,microsoft
https://www.linkedin.com//in/avi-allison-29a06529/,microsoft
https://www.linkedin.com//in/mohamedhasan82/,microsoft
https://www.linkedin.com//in/tatiana-chicu-9bab4722/,microsoft
https://www.linkedin.com//in/hollybeale/,microsoft
https://www.linkedin.com//in/valerietai/,microsoft
https://www.linkedin.com//in/mattohellman/,microsoft
https://www.linkedin.com//in/karendavies/,microsoft
https://www.linkedin.com//in/anna-sheppard-b7339247/,microsoft
https://www.linkedin.com//in/akortenhorst/,microsoft
https://www.linkedin.com//in/andrewmartinwilkinson/,microsoft
https://www.linkedin.com//in/mrinalinigandhi/,microsoft
https://www.linkedin.com//in/steffi-olesi-muhanji/,microsoft
https://www.linkedin.com//in/andrew-quinn-1563731/,microsoft
https://www.linkedin.com//in/alecsaunders/,microsoft
https://www.linkedin.com//in/cathal-m-99465944/,microsoft
https://www.linkedin.com//in/cheyenne-cazaubon/,microsoft
https://www.linkedin.com//in/jessicamercuriali/,microsoft
https://www.linkedin.com//in/christophpawlowski/,microsoft
https://www.linkedin.com//in/heather-lux-6bb9734/,microsoft
https://www.linkedin.com//in/gagan-deep-kaur-1642715/,microsoft
https://www.linkedin.com//in/luis-morencos/,microsoft
https://www.linkedin.com//in/ls0775/,microsoft
https://www.linkedin.com//in/shirshank/,microsoft
https://www.linkedin.com//in/michaelyhwang/,microsoft
https://www.linkedin.com//in/juliajaynes/,microsoft
https://www.linkedin.com//in/sandhya-thodla-ba32845/,microsoft
https://www.linkedin.com//in/alessandra-palombo-parrillo-5410192a/,microsoft
https://www.linkedin.com//in/maria-paula-duque-9b225a6/,microsoft
https://www.linkedin.com//in/ginakirby/,microsoft
https://www.linkedin.com//in/wachirawuth-rattiwarakorn/,microsoft
https://www.linkedin.com//in/donnawarton/,microsoft
https://www.linkedin.com//in/elenapapakosta/,microsoft
https://www.linkedin.com//in/hannahsaltman/,microsoft
https://www.linkedin.com//in/marquis-w-20a0aa1a2/,microsoft
https://www.linkedin.com//in/aaronpang/,microsoft
https://www.linkedin.com//in/karen-fortin-vainunska/,microsoft
https://www.linkedin.com//in/scott-bowie-6905403/,microsoft
https://www.linkedin.com//in/julia-fidler-068aa4/,microsoft
https://www.linkedin.com//in/ryan-carver-18204a5/,microsoft
https://www.linkedin.com//in/evangelinemarzec/,microsoft
https://www.linkedin.com//in/anna-weber-microsoft/,microsoft
https://www.linkedin.com//in/sherrie-xu-16492718/,microsoft
https://www.linkedin.com//in/lizcomley/,microsoft
https://www.linkedin.com//in/alberto-arribas-74294b4/,microsoft
https://www.linkedin.com//in/rogerullman/,microsoft
https://www.linkedin.com//in/clarew/,microsoft
https://www.linkedin.com//in/cklohdigital/,microsoft
https://www.linkedin.com//in/jeannettesorice/,microsoft
https://www.linkedin.com//in/petracicek/,microsoft
https://www.linkedin.com//in/candinaweston/,microsoft
https://www.linkedin.com//in/clara-mansilha/,microsoft
https://www.linkedin.com//in/michellepatron/,microsoft
https://www.linkedin.com//in/wendy-phippen-4ba90633/,microsoft
https://www.linkedin.com//in/jethlee/,microsoft
https://www.linkedin.com//in/chris-dall/,microsoft
https://www.linkedin.com//in/shannonwojcik/,microsoft
https://www.linkedin.com//in/fjklebon/,microsoft
https://www.linkedin.com//in/potterbrandon/,microsoft
https://www.linkedin.com//in/clarafeuillet/,microsoft
https://www.linkedin.com//in/adinabraha/,microsoft
https://www.linkedin.com//in/denamcnulty/,microsoft
https://www.linkedin.com//in/neerusanghi/,microsoft
https://www.linkedin.com//in/marc-pisan-6538131/,microsoft
https://www.linkedin.com//in/morgan-collins-34611339/,microsoft
https://www.linkedin.com//in/jcourgenay/,microsoft
https://www.linkedin.com//in/dr-noelia-jim%C3%A9nez-mart%C3%ADnez/,microsoft
https://www.linkedin.com//in/vani-hans-a3865aa2/,microsoft
https://www.linkedin.com//in/erin-duffy-710a654/,microsoft
https://www.linkedin.com//in/lalitjoshi1/,microsoft
https://www.linkedin.com//in/nevenka-scott-109b8333/,microsoft
https://www.linkedin.com//in/ujjwalk/,microsoft
https://www.linkedin.com//in/ricardoabcrosado/,microsoft
https://www.linkedin.com//in/teresanick/,microsoft
https://www.linkedin.com//in/jeffrey-loth-3826615/,microsoft
https://www.linkedin.com//in/sahilkumar1690/,microsoft
https://www.linkedin.com//in/dan-miller-9571873/,microsoft
https://www.linkedin.com//in/matilde-alves/,microsoft
https://www.linkedin.com//in/tamarai-gv-3a17a9/,microsoft
https://www.linkedin.com//in/jasonoppler/,microsoft
https://www.linkedin.com//in/maggie-swanson-38749829/,microsoft
https://www.linkedin.com//in/agusa/,microsoft
https://www.linkedin.com//in/mark-sch%C3%BCtz-00632215/,microsoft
https://www.linkedin.com//in/simon-francis-a9849a/,microsoft
https://www.linkedin.com//in/nidhi-suresh-1851273/,microsoft
https://www.linkedin.com//in/aina-bolstad-56a6223/,microsoft
https://www.linkedin.com//in/carlos-rodriguez-sang%C3%BCesa-bb9a725/,microsoft
https://www.linkedin.com//in/harsh-naik-7b636b1/,microsoft
https://www.linkedin.com//in/tim-hopper-8302811/,microsoft
https://www.linkedin.com//in/ingowilliam/,microsoft
https://www.linkedin.com//in/arcotdineshkumar/,microsoft
https://www.linkedin.com//in/michael-jackson-6058aa2a/,microsoft
https://www.linkedin.com//in/darraghbclear/,microsoft
https://www.linkedin.com//in/amy-willows-draves2018/,microsoft
https://www.linkedin.com//in/jane-kamneva-3401223/,microsoft
https://www.linkedin.com//in/brandonmiddaugh/,microsoft
https://www.linkedin.com//in/matthewsekol/,microsoft
https://www.linkedin.com//in/sapana-mandore-b6642468/,microsoft
https://www.linkedin.com//in/john-michael-mccaffrey-97514958/,microsoft
https://www.linkedin.com//in/arnay-agarwal/,microsoft
https://www.linkedin.com//in/seantwaters/,microsoft
https://www.linkedin.com//in/dawnejames/,microsoft
https://www.linkedin.com//in/gabrielle-skladman-896709109/,microsoft
https://www.linkedin.com//in/senthil-b-a19b0b1/,microsoft
https://www.linkedin.com//in/bilal-khursheed-2b9282146/,microsoft
https://www.linkedin.com//in/cassie-pemberton-774a5a8/,microsoft
https://www.linkedin.com//in/bengtrosingborren/,microsoft
https://www.linkedin.com//in/yves-fontana/,microsoft
https://www.linkedin.com//in/jackiebach/,microsoft
https://www.linkedin.com//in/kalifrost/,microsoft
https://www.linkedin.com//in/janetkim425/,microsoft
https://www.linkedin.com//in/jutta-grabenhofer-1a109a7b/,microsoft
https://www.linkedin.com//in/btoorens/,microsoft
https://www.linkedin.com//in/joannamainguy/,microsoft
https://www.linkedin.com//in/asimhan/,microsoft
https://www.linkedin.com//in/jan-de-lange-44583599/,microsoft
https://www.linkedin.com//in/waldo-kuipers-3467891b/,microsoft
https://www.linkedin.com//in/sarabenhamron/,microsoft
https://www.linkedin.com//in/nooria-puri/,microsoft
https://www.linkedin.com//in/kshitinnagarkar/,microsoft
https://www.linkedin.com//in/dalilahaidar/,microsoft
https://www.linkedin.com//in/malteschulenburg/,microsoft
https://www.linkedin.com//in/nexhideti/,microsoft
https://www.linkedin.com//in/ramonboschsmit/,microsoft
https://www.linkedin.com//in/emily-lantz-swindler-00616810/,microsoft
https://www.linkedin.com//in/kariglio/,microsoft
https://www.linkedin.com//in/asantalobarreiro/,microsoft
https://www.linkedin.com//in/alex-bitiukov/,microsoft
https://www.linkedin.com//in/sofiapires1/,microsoft
https://www.linkedin.com//in/jscottrichter/,microsoft
https://www.linkedin.com//in/anja-von-h%C3%B6rsten/,microsoft
https://www.linkedin.com//in/redkiwi/,microsoft
https://www.linkedin.com//in/stevelippman/,microsoft
https://www.linkedin.com//in/seokmeigoh/,microsoft
https://www.linkedin.com//in/samiraakhan/,microsoft
https://www.linkedin.com//in/dmshowe/,microsoft
https://www.linkedin.com//in/sebafriedrich/,microsoft
https://www.linkedin.com//in/ngemelos/,microsoft
https://www.linkedin.com//in/niraj-nirmal-6a202278/,microsoft
https://www.linkedin.com//in/nathaniel-foote/,microsoft
https://www.linkedin.com//in/love-andersson-77a91a56/,microsoft
https://www.linkedin.com//in/lailamoretti/,microsoft
https://www.linkedin.com//in/mariemejamme/,microsoft
https://www.linkedin.com//in/allisongirvin/,microsoft
https://www.linkedin.com//in/tashbettridge/,microsoft
https://www.linkedin.com//in/yasminewael/,microsoft
https://www.linkedin.com//in/neeratalbert/,microsoft
https://www.linkedin.com//in/ignaciolagofernandez/,microsoft
https://www.linkedin.com//in/ash-k-7a383520/,microsoft
https://www.linkedin.com//in/asarshad90/,microsoft
https://www.linkedin.com//in/dana-maman/,microsoft
https://www.linkedin.com//in/anaefernandez/,microsoft
https://www.linkedin.com//in/mvpavani/,microsoft
https://www.linkedin.com//in/swatidalal/,microsoft
https://www.linkedin.com//in/christine-huang-7498878b/,microsoft
https://www.linkedin.com//in/robertocroci/,microsoft
https://www.linkedin.com//in/kesava-vish-viswanathan-88ba182/,microsoft
https://www.linkedin.com//in/louis-kotsakis-a38a694/,microsoft
https://www.linkedin.com//in/leslie-esparza-762374/,microsoft
https://www.linkedin.com//in/rosie-mastrandrea/,microsoft
https://www.linkedin.com//in/jackkjia/,microsoft
https://www.linkedin.com//in/kevinmartins/,microsoft
https://www.linkedin.com//in/salma-cheikhrouhou/,microsoft
https://www.linkedin.com//in/mitjakolbe/,microsoft
https://www.linkedin.com//in/kamaldeepsoni/,microsoft
https://www.linkedin.com//in/joana-reicherts/,microsoft
https://www.linkedin.com//in/nicodegolia/,microsoft
https://www.linkedin.com//in/rikironsmclean/,microsoft
https://www.linkedin.com//in/srikanth-dakshinamoorthy/,microsoft
https://www.linkedin.com//in/paul-clark-msft/,microsoft
https://www.linkedin.com//in/kiran-prasad-0959a655/,microsoft
https://www.linkedin.com//in/nisrine-jamai/,microsoft
https://www.linkedin.com//in/daria-raleva-52b027a/,microsoft
https://www.linkedin.com//in/akiko-kubota-603a3213b/,microsoft
https://www.linkedin.com//in/harshulimarathe/,microsoft
https://www.linkedin.com//in/tmksinger/,microsoft
https://www.linkedin.com//in/martina-chalon-31003a34/,microsoft
https://www.linkedin.com//in/ranganathansrikanth/,microsoft
https://www.linkedin.com//in/drzilenovski/,microsoft
https://www.linkedin.com//in/saurabh-shendge/,microsoft
https://www.linkedin.com//in/valeriateran/,microsoft
https://www.linkedin.com//in/manusreenivasachar/,microsoft
https://www.linkedin.com//in/aakash-garg-36b89137/,microsoft
https://www.linkedin.com//in/anshaj-khare/,microsoft
https://www.linkedin.com//in/hazemsnabih/,microsoft
https://www.linkedin.com//in/clarencewong18/,microsoft
https://www.linkedin.com//in/mario-eyzaguirre-nakanishi/,microsoft
https://www.linkedin.com//in/harmehrchandok/,microsoft
https://www.linkedin.com//in/joeyslater/,microsoft
https://www.linkedin.com//in/ian-o-gara-921927/,microsoft
https://www.linkedin.com//in/maria-ferreira-1b2aa71b/,microsoft
https://www.linkedin.com//in/smp15/,microsoft
https://www.linkedin.com//in/fabianadafnecifone/,microsoft
https://www.linkedin.com//in/amygardener/,microsoft
https://www.linkedin.com//in/chandrikajain/,microsoft
https://www.linkedin.com//in/sakina-syed/,microsoft
https://www.linkedin.com//in/ido-shinberger/,microsoft
https://www.linkedin.com//in/lauraemonaghan/,microsoft
https://www.linkedin.com//in/jonathansimkins/,microsoft
https://www.linkedin.com//in/jdmeier/,microsoft
https://www.linkedin.com//in/jorishaverkort/,microsoft
https://www.linkedin.com//in/beatriz-vega-garre/,microsoft
https://www.linkedin.com//in/eduardoarturoayllonopazo/,microsoft
https://www.linkedin.com//in/robyn-dunn-jerard-47377757/,microsoft
https://www.linkedin.com//in/alyssa-cooper/,microsoft
https://www.linkedin.com//in/sujeetk-programmanager/,microsoft
https://www.linkedin.com//in/fernandoreyesgonzalez/,microsoft
https://www.linkedin.com//in/devagnanam/,microsoft
https://www.linkedin.com//in/stevenstokmans/,microsoft
https://www.linkedin.com//in/shilpiagrawal/,microsoft
https://www.linkedin.com//in/torsten-steingrimsson-8b494a66/,microsoft
https://www.linkedin.com//in/ravimundhe/,microsoft
https://www.linkedin.com//in/stephen-lowe-098aa324/,microsoft
https://www.linkedin.com//in/vilawan-withoonsomboon-1278299/,microsoft
https://www.linkedin.com//in/marcashbrook/,microsoft
https://www.linkedin.com//in/kazshinkai/,microsoft
https://www.linkedin.com//in/srajagopalan17/,microsoft
https://www.linkedin.com//in/robertmfeldmann/,microsoft
https://www.linkedin.com//in/hollyanneevans/,microsoft
https://www.linkedin.com//in/gabriela-delagarza-1872971/,microsoft
https://www.linkedin.com//in/kmshea/,microsoft
https://www.linkedin.com//in/stephanie-mitri-80a23a5a/,microsoft
https://www.linkedin.com//in/nitinsaxena/,microsoft
https://www.linkedin.com//in/jamesspearman/,microsoft
https://www.linkedin.com//in/joerghambueckers/,microsoft
https://www.linkedin.com//in/fahad-modak-41143a11/,microsoft
https://www.linkedin.com//in/thetechgrandma/,microsoft
https://www.linkedin.com//in/matrixz83/,microsoft
https://www.linkedin.com//in/terence-frederick-45292283/,microsoft
https://www.linkedin.com//in/dalebjose/,microsoft
https://www.linkedin.com//in/melaniecollettiwilliams/,microsoft
https://www.linkedin.com//in/dagboye/,microsoft
https://www.linkedin.com//in/roseannohare/,microsoft
https://www.linkedin.com//in/james-lear/,microsoft
https://www.linkedin.com//in/guillaumerossi/,microsoft
https://www.linkedin.com//in/nadia-savodivker-16807a45/,microsoft
https://www.linkedin.com//in/davidasl/,microsoft
https://www.linkedin.com//in/manuel-pardavila/,microsoft
https://www.linkedin.com//in/amycampbell/,microsoft
https://www.linkedin.com//in/arunagnz/,microsoft
https://www.linkedin.com//in/annabel-mair-361867178/,microsoft
https://www.linkedin.com//in/ellen-rhodes-3869756/,microsoft
https://www.linkedin.com//in/marc-gigon/,microsoft
https://www.linkedin.com//in/yilinglaisg/,microsoft
https://www.linkedin.com//in/davidjohnkerr/,microsoft
https://www.linkedin.com//in/rociodiazs/,microsoft
https://www.linkedin.com//in/nenianand/,microsoft
https://www.linkedin.com//in/ingrid-larsen-dihle/,microsoft
https://www.linkedin.com//in/rajalakshmi-r-bab14657/,microsoft
https://www.linkedin.com//in/patricia-gamez-galvez-marketing-sales/,microsoft
https://www.linkedin.com//in/bart-bohnenn-0763132/,microsoft
https://www.linkedin.com//in/thsering-angmo-025200212/,microsoft
https://www.linkedin.com//in/kalrach/,microsoft
https://www.linkedin.com//in/gaurav-rawal-41386b16/,microsoft
https://www.linkedin.com//in/sunil-r/,microsoft
https://www.linkedin.com//in/khaled-elshabrawy/,microsoft
https://www.linkedin.com//in/petrapacius/,microsoft
https://www.linkedin.com//in/ericmazieres/,microsoft
https://www.linkedin.com//in/andreacoluccio/,microsoft
https://www.linkedin.com//in/andy-koh-singapore/,microsoft
https://www.linkedin.com//in/richmondwaller/,microsoft
https://www.linkedin.com//in/ruedipold/,microsoft
https://www.linkedin.com//in/chee-sing-chen-bb9921/,microsoft
https://www.linkedin.com//in/jipsonantony/,microsoft
https://www.linkedin.com//in/prabhagopikannan/,microsoft
https://www.linkedin.com//in/fevillegasg/,microsoft
https://www.linkedin.com//in/mayank-kapur-a80234115/,microsoft
https://www.linkedin.com//in/ritika-adlakha/,microsoft
https://www.linkedin.com//in/kelseykaul/,microsoft
https://www.linkedin.com//in/mariaviitaniemi/,microsoft
https://www.linkedin.com//in/elizabeth-willmott-26b9734/,microsoft
https://www.linkedin.com//in/alessandrapistoia/,microsoft
https://www.linkedin.com//in/tracypicon/,microsoft
https://www.linkedin.com//in/wendyfrodyma/,microsoft
https://www.linkedin.com//in/lily-cui/,microsoft
https://www.linkedin.com//in/guada-casuso/,microsoft
https://www.linkedin.com//in/aspenmurray/,microsoft
https://www.linkedin.com//in/aditi-khazanchi/,microsoft
https://www.linkedin.com//in/athulyaramamoorthy/,microsoft
https://www.linkedin.com//in/nikol-vladinska/,microsoft
https://www.linkedin.com//in/remko-de-lange-phd-geography/,microsoft
https://www.linkedin.com//in/alexanderlosbichler/,microsoft
https://www.linkedin.com//in/rebekahtiberio/,microsoft
https://www.linkedin.com//in/layal-mahfoud/,microsoft
https://www.linkedin.com//in/shelly-bakke-8b618a69/,microsoft
https://www.linkedin.com//in/rae-lyon-6358174/,microsoft
https://www.linkedin.com//in/vai-potnis/,microsoft
https://www.linkedin.com//in/fatma-yokus-04992b216/,microsoft
https://www.linkedin.com//in/tim-allen-syd/,microsoft
https://www.linkedin.com//in/bamvenkatesh/,microsoft
https://www.linkedin.com//in/talithahaller/,microsoft
https://www.linkedin.com//in/ritesh-kini-6135181/,microsoft
https://www.linkedin.com//in/marleygray/,microsoft
https://www.linkedin.com//in/savascizmeci/,microsoft
https://www.linkedin.com//in/sumeet-agrawal-b6598633/,microsoft
https://www.linkedin.com//in/abiodun-victoria-osunkoya/,microsoft
https://www.linkedin.com//in/priscyla/,microsoft
https://www.linkedin.com//in/lorenz-kupfer-785189114/,microsoft
https://www.linkedin.com//in/delphineclement/,microsoft
https://www.linkedin.com//in/jimkilroy/,microsoft
https://www.linkedin.com//in/chiamaka-ereghan-mba-385700183/,microsoft
https://www.linkedin.com//in/stacyesmith/,microsoft
https://www.linkedin.com//in/bonnielei/,microsoft
https://www.linkedin.com//in/iulia-andreea-bolea-07681871/,microsoft
https://www.linkedin.com//in/emily-thomas-watt-36138016/,microsoft
https://www.linkedin.com//in/zhifeng-jeff-chen-64a2793a/,microsoft
https://www.linkedin.com//in/anamariastrimbeanu/,microsoft
https://www.linkedin.com//in/bethworrall/,microsoft
https://www.linkedin.com//in/maxime-nann/,microsoft
https://www.linkedin.com//in/ladina-caduff/,microsoft
https://www.linkedin.com//in/vedam/,microsoft
https://www.linkedin.com//in/yanshirley/,microsoft
https://www.linkedin.com//in/prerita-agarwal/,microsoft
https://www.linkedin.com//in/rene-delbe/,microsoft
https://www.linkedin.com//in/brittany-gardhouse-4bb32b39/,microsoft
https://www.linkedin.com//in/joanngarbin/,microsoft
https://www.linkedin.com//in/lukaszfoks/,microsoft
https://www.linkedin.com//in/katie-savage-388662155/,microsoft
https://www.linkedin.com//in/jessicalam9/,microsoft
https://www.linkedin.com//in/renegroot/,microsoft
https://www.linkedin.com//in/suhana-khiani-9094051b9/,microsoft
https://www.linkedin.com//in/vaughanknight/,microsoft
https://www.linkedin.com//in/bbrown550/,microsoft
https://www.linkedin.com//in/marcela-ibarra/,microsoft
https://www.linkedin.com//in/carolina-steffen/,microsoft
https://www.linkedin.com//in/isabel-richter/,microsoft
https://www.linkedin.com//in/julienbaudet/,microsoft
https://www.linkedin.com//in/jim-hanna-26aaa69/,microsoft
https://www.linkedin.com//in/zoedaviesiot/,microsoft
https://www.linkedin.com//in/kathleen-ko-5746422/,microsoft
https://www.linkedin.com//in/enricogebauer/,microsoft
https://www.linkedin.com//in/ephib/,microsoft
https://www.linkedin.com//in/mark-belfield-0831b755/,microsoft
https://www.linkedin.com//in/giuliatardani/,microsoft
https://www.linkedin.com//in/yenweizheng/,microsoft
https://www.linkedin.com//in/maxwell-scott-63428643/,microsoft
https://www.linkedin.com//in/niasvahdat/,microsoft
https://www.linkedin.com//in/jvanhees8/,microsoft
https://www.linkedin.com//in/ivoryhargrove/,microsoft
https://www.linkedin.com//in/kellybennett/,microsoft
https://www.linkedin.com//in/brian-marrs/,microsoft
https://www.linkedin.com//in/lnguyen11/,microsoft
https://www.linkedin.com//in/deydebasmita/,microsoft
https://www.linkedin.com//in/agata-firlej/,microsoft
https://www.linkedin.com//in/damipeoladiyun/,microsoft
https://www.linkedin.com//in/liesbeth-andries/,microsoft
https://www.linkedin.com//in/ninoskaamo/,microsoft
https://www.linkedin.com//in/sushmithanannuru/,microsoft
https://www.linkedin.com//in/carmen-elena-ferreyra-palomino/,microsoft
https://www.linkedin.com//in/jenniic/,microsoft
https://www.linkedin.com//in/eqfrey/,microsoft
https://www.linkedin.com//in/catherinejceresa/,microsoft
https://www.linkedin.com//in/elizaroberts/,microsoft
https://www.linkedin.com//in/a-h-4561a1177/,microsoft
https://www.linkedin.com//in/arvindhprakash/,microsoft
https://www.linkedin.com//in/govindabachani/,microsoft
https://www.linkedin.com//in/annemarie-costeris-3452b92/,microsoft
https://www.linkedin.com//in/jameybaumgardt/,microsoft
https://www.linkedin.com//in/cuneytgok/,microsoft
https://www.linkedin.com//in/roger-lindvall/,microsoft
https://www.linkedin.com//in/paigetinker/,microsoft
https://www.linkedin.com//in/christophmazur/,microsoft
https://www.linkedin.com//in/sanjeevkumarprofile/,microsoft
https://www.linkedin.com//in/andrew-de-rozairo-85a333/,microsoft
https://www.linkedin.com//in/victoriasarahoakes/,microsoft
https://www.linkedin.com//in/andreea-corina-milosoiu/,microsoft
https://www.linkedin.com//in/purnitamane/,microsoft
https://www.linkedin.com//in/ernstgouws/,microsoft
https://www.linkedin.com//in/tia-hansen-606b538/,microsoft
https://www.linkedin.com//in/emma-o-9355a750/,microsoft
https://www.linkedin.com//in/ssallman/,microsoft
https://www.linkedin.com//in/michael-ellis-82b4566a/,microsoft
https://www.linkedin.com//in/zainabalamin/,microsoft
https://www.linkedin.com//in/aaron-bilyeu-8362724/,microsoft
https://www.linkedin.com//in/mark-leveck-4a253212/,microsoft
https://www.linkedin.com//in/jonguidroz/,microsoft
https://www.linkedin.com//in/andreeacalbeaza/,microsoft
https://www.linkedin.com//in/gaurrishabh/,microsoft
https://www.linkedin.com//in/lmyrvold/,microsoft
https://www.linkedin.com//in/saegye/,microsoft
https://www.linkedin.com//in/melody-na/,microsoft
https://www.linkedin.com//in/jwilmouth/,microsoft
https://www.linkedin.com//in/astridaupperle/,microsoft
https://www.linkedin.com//in/jaudreylee/,microsoft
https://www.linkedin.com//in/kritihedau18/,microsoft
https://www.linkedin.com//in/alexisapostol/,microsoft
https://www.linkedin.com//in/sofia-joison/,microsoft
https://www.linkedin.com//in/akshay-seepala/,microsoft
https://www.linkedin.com//in/johngilles/,microsoft
https://www.linkedin.com//in/vramo/,microsoft
https://www.linkedin.com//in/sonalaxmisarkar/,microsoft
https://www.linkedin.com//in/arfon/,microsoft
https://www.linkedin.com//in/juhapekkahuhtiniemi/,microsoft
https://www.linkedin.com//in/nurbernhardt/,microsoft
https://www.linkedin.com//in/alsagob/,microsoft
https://www.linkedin.com//in/giovanna-dughera/,microsoft
https://www.linkedin.com//in/csattaluri/,microsoft
https://www.linkedin.com//in/stamatiskasmas/,microsoft
https://www.linkedin.com//in/afdebbas/,microsoft
https://www.linkedin.com//in/diego-micheletti-90108711/,microsoft
https://www.linkedin.com//in/elizabethholleman/,microsoft
https://www.linkedin.com//in/danielfig/,microsoft
https://www.linkedin.com//in/howegu/,microsoft
https://www.linkedin.com//in/thorsten-heuberger/,microsoft
https://www.linkedin.com//in/eugenegti/,microsoft
https://www.linkedin.com//in/lpolloni/,microsoft
https://www.linkedin.com//in/avrileklund/,microsoft
https://www.linkedin.com//in/chris-hagen1808/,microsoft
https://www.linkedin.com//in/jade-jacobs-pmp-55731a2b/,microsoft
https://www.linkedin.com//in/charleseales/,microsoft
https://www.linkedin.com//in/jonathandavid16/,microsoft
https://www.linkedin.com//in/sandrinelouvel/,microsoft
https://www.linkedin.com//in/adriana-rizzo-74840a18/,microsoft
https://www.linkedin.com//in/hemanand/,microsoft
https://www.linkedin.com//in/marina-sigidina-1a18099/,microsoft
https://www.linkedin.com//in/kate-margaret-barnes-28607527/,microsoft
https://www.linkedin.com//in/pri2agarwalz/,microsoft
https://www.linkedin.com//in/bdachepalli/,microsoft
https://www.linkedin.com//in/saragillians/,microsoft
https://www.linkedin.com//in/sebastianlancestremere/,microsoft
https://www.linkedin.com//in/liquanjia/,microsoft
https://www.linkedin.com//in/sharon-thompson-9527431/,microsoft
https://www.linkedin.com//in/neo-nchabeleng-b5253186/,microsoft
https://www.linkedin.com//in/bridgette-s-5b01b22b/,microsoft
https://www.linkedin.com//in/navin-sathi-9b0a392/,microsoft
https://www.linkedin.com//in/candy-liu-5a47214/,microsoft
https://www.linkedin.com//in/mathieu-berthelon-2b812020/,microsoft
https://www.linkedin.com//in/aoife-o-moore-cdcep-cdcsp-cdcap-0163a021/,microsoft
https://www.linkedin.com//in/sofya-shinkareva-97a51619/,microsoft
https://www.linkedin.com//in/joyce-herward/,microsoft
https://www.linkedin.com//in/tracylagasse/,microsoft
https://www.linkedin.com//in/clara-mariapaskah-0744b4a3/,microsoft
https://www.linkedin.com//in/mary-moiceanu-35aa5516/,microsoft
https://www.linkedin.com//in/hbindra/,microsoft
https://www.linkedin.com//in/kiran-hayes-01470376/,microsoft
https://www.linkedin.com//in/adidwivedi/,microsoft
https://www.linkedin.com//in/jenna-schwartz-5ab292127/,microsoft
https://www.linkedin.com//in/anjanak/,microsoft
https://www.linkedin.com//in/lindaywu/,microsoft
https://www.linkedin.com//in/anna-matusewicz/,microsoft
https://www.linkedin.com//in/sreenivasa-reddy-0bab43/,microsoft
https://www.linkedin.com//in/samar-deen-phd-2064389/,microsoft
https://www.linkedin.com//in/emma-burns-24539737/,microsoft
https://www.linkedin.com//in/srishty-shaleen/,microsoft
https://www.linkedin.com//in/ahillman/,microsoft
https://www.linkedin.com//in/pippafinlayson/,microsoft
https://www.linkedin.com//in/kevintan250/,microsoft
https://www.linkedin.com//in/monicaerodriguez/,microsoft
https://www.linkedin.com//in/cecil-wilson-2560287/,microsoft
https://www.linkedin.com//in/angelamicocci/,microsoft
https://www.linkedin.com//in/joevarrasso/,microsoft
https://www.linkedin.com//in/berwind/,microsoft
https://www.linkedin.com//in/keatnuxsuo/,microsoft
https://www.linkedin.com//in/crisluthy/,microsoft
https://www.linkedin.com//in/emilyfishkind/,microsoft
